day,booked,shows,seen,overflow,empty_slots,utilization_pct,overcrowded,revenue,overflow_cost,net_revenue
0,25,19,19,0,1,95.0,0,39349.0,0.0,39349.0
1,24,21,20,1,0,100.0,1,41420.0,3106.5,38313.5
2,25,19,19,0,1,95.0,0,39349.0,0.0,39349.0
3,24,18,18,0,2,90.0,0,37278.0,0.0,37278.0
4,25,22,20,2,0,100.0,1,41420.0,6213.0,35207.0
5,24,13,13,0,7,65.0,0,26923.0,0.0,26923.0
6,25,22,20,2,0,100.0,1,41420.0,6213.0,35207.0
7,24,19,19,0,1,95.0,0,39349.0,0.0,39349.0
8,24,20,20,0,0,100.0,0,41420.0,0.0,41420.0
9,26,24,20,4,0,100.0,1,41420.0,12426.0,28994.0
10,25,19,19,0,1,95.0,0,39349.0,0.0,39349.0
11,25,20,20,0,0,100.0,0,41420.0,0.0,41420.0
12,25,21,20,1,0,100.0,1,41420.0,3106.5,38313.5
13,24,16,16,0,4,80.0,0,33136.0,0.0,33136.0
14,25,23,20,3,0,100.0,1,41420.0,9319.5,32100.5
15,25,14,14,0,6,70.0,0,28994.0,0.0,28994.0
16,24,17,17,0,3,85.0,0,35207.0,0.0,35207.0
17,25,20,20,0,0,100.0,0,41420.0,0.0,41420.0
18,26,20,20,0,0,100.0,0,41420.0,0.0,41420.0
19,25,18,18,0,2,90.0,0,37278.0,0.0,37278.0
20,25,20,20,0,0,100.0,0,41420.0,0.0,41420.0
21,24,18,18,0,2,90.0,0,37278.0,0.0,37278.0
22,25,20,20,0,0,100.0,0,41420.0,0.0,41420.0
23,25,21,20,1,0,100.0,1,41420.0,3106.5,38313.5
24,25,18,18,0,2,90.0,0,37278.0,0.0,37278.0
25,25,19,19,0,1,95.0,0,39349.0,0.0,39349.0
26,25,16,16,0,4,80.0,0,33136.0,0.0,33136.0
27,26,23,20,3,0,100.0,1,41420.0,9319.5,32100.5
28,24,16,16,0,4,80.0,0,33136.0,0.0,33136.0
29,25,15,15,0,5,75.0,0,31065.0,0.0,31065.0
30,25,19,19,0,1,95.0,0,39349.0,0.0,39349.0
31,25,16,16,0,4,80.0,0,33136.0,0.0,33136.0
32,26,18,18,0,2,90.0,0,37278.0,0.0,37278.0
33,25,19,19,0,1,95.0,0,39349.0,0.0,39349.0
34,25,19,19,0,1,95.0,0,39349.0,0.0,39349.0
35,25,13,13,0,7,65.0,0,26923.0,0.0,26923.0
36,25,19,19,0,1,95.0,0,39349.0,0.0,39349.0
37,25,22,20,2,0,100.0,1,41420.0,6213.0,35207.0
38,25,20,20,0,0,100.0,0,41420.0,0.0,41420.0
39,25,23,20,3,0,100.0,1,41420.0,9319.5,32100.5
40,25,19,19,0,1,95.0,0,39349.0,0.0,39349.0
41,26,17,17,0,3,85.0,0,35207.0,0.0,35207.0
42,25,23,20,3,0,100.0,1,41420.0,9319.5,32100.5
43,26,18,18,0,2,90.0,0,37278.0,0.0,37278.0
44,24,17,17,0,3,85.0,0,35207.0,0.0,35207.0
45,25,21,20,1,0,100.0,1,41420.0,3106.5,38313.5
46,25,19,19,0,1,95.0,0,39349.0,0.0,39349.0
47,25,14,14,0,6,70.0,0,28994.0,0.0,28994.0
48,24,14,14,0,6,70.0,0,28994.0,0.0,28994.0
49,25,16,16,0,4,80.0,0,33136.0,0.0,33136.0
50,24,21,20,1,0,100.0,1,41420.0,3106.5,38313.5
51,24,20,20,0,0,100.0,0,41420.0,0.0,41420.0
52,25,15,15,0,5,75.0,0,31065.0,0.0,31065.0
53,24,17,17,0,3,85.0,0,35207.0,0.0,35207.0
54,25,18,18,0,2,90.0,0,37278.0,0.0,37278.0
55,25,21,20,1,0,100.0,1,41420.0,3106.5,38313.5
56,24,19,19,0,1,95.0,0,39349.0,0.0,39349.0
57,25,16,16,0,4,80.0,0,33136.0,0.0,33136.0
58,25,19,19,0,1,95.0,0,39349.0,0.0,39349.0
59,25,17,17,0,3,85.0,0,35207.0,0.0,35207.0
60,25,20,20,0,0,100.0,0,41420.0,0.0,41420.0
61,25,21,20,1,0,100.0,1,41420.0,3106.5,38313.5
62,24,18,18,0,2,90.0,0,37278.0,0.0,37278.0
63,25,19,19,0,1,95.0,0,39349.0,0.0,39349.0
64,24,16,16,0,4,80.0,0,33136.0,0.0,33136.0
65,25,17,17,0,3,85.0,0,35207.0,0.0,35207.0
66,25,22,20,2,0,100.0,1,41420.0,6213.0,35207.0
67,26,17,17,0,3,85.0,0,35207.0,0.0,35207.0
68,25,17,17,0,3,85.0,0,35207.0,0.0,35207.0
69,25,16,16,0,4,80.0,0,33136.0,0.0,33136.0
70,25,15,15,0,5,75.0,0,31065.0,0.0,31065.0
71,25,20,20,0,0,100.0,0,41420.0,0.0,41420.0
72,25,20,20,0,0,100.0,0,41420.0,0.0,41420.0
73,24,22,20,2,0,100.0,1,41420.0,6213.0,35207.0
74,24,18,18,0,2,90.0,0,37278.0,0.0,37278.0
75,26,19,19,0,1,95.0,0,39349.0,0.0,39349.0
76,25,23,20,3,0,100.0,1,41420.0,9319.5,32100.5
77,25,18,18,0,2,90.0,0,37278.0,0.0,37278.0
78,26,19,19,0,1,95.0,0,39349.0,0.0,39349.0
79,24,21,20,1,0,100.0,1,41420.0,3106.5,38313.5
80,25,20,20,0,0,100.0,0,41420.0,0.0,41420.0
81,25,19,19,0,1,95.0,0,39349.0,0.0,39349.0
82,24,18,18,0,2,90.0,0,37278.0,0.0,37278.0
83,24,17,17,0,3,85.0,0,35207.0,0.0,35207.0
84,25,21,20,1,0,100.0,1,41420.0,3106.5,38313.5
85,25,15,15,0,5,75.0,0,31065.0,0.0,31065.0
86,24,22,20,2,0,100.0,1,41420.0,6213.0,35207.0
87,24,20,20,0,0,100.0,0,41420.0,0.0,41420.0
88,26,19,19,0,1,95.0,0,39349.0,0.0,39349.0
89,25,20,20,0,0,100.0,0,41420.0,0.0,41420.0
90,24,21,20,1,0,100.0,1,41420.0,3106.5,38313.5
91,24,19,19,0,1,95.0,0,39349.0,0.0,39349.0
92,25,20,20,0,0,100.0,0,41420.0,0.0,41420.0
93,25,20,20,0,0,100.0,0,41420.0,0.0,41420.0
94,24,18,18,0,2,90.0,0,37278.0,0.0,37278.0
95,25,19,19,0,1,95.0,0,39349.0,0.0,39349.0
96,25,23,20,3,0,100.0,1,41420.0,9319.5,32100.5
97,25,19,19,0,1,95.0,0,39349.0,0.0,39349.0
98,24,14,14,0,6,70.0,0,28994.0,0.0,28994.0
99,25,21,20,1,0,100.0,1,41420.0,3106.5,38313.5
100,24,21,20,1,0,100.0,1,41420.0,3106.5,38313.5
101,24,22,20,2,0,100.0,1,41420.0,6213.0,35207.0
102,24,18,18,0,2,90.0,0,37278.0,0.0,37278.0
103,24,21,20,1,0,100.0,1,41420.0,3106.5,38313.5
104,25,21,20,1,0,100.0,1,41420.0,3106.5,38313.5
105,24,19,19,0,1,95.0,0,39349.0,0.0,39349.0
106,24,19,19,0,1,95.0,0,39349.0,0.0,39349.0
107,24,19,19,0,1,95.0,0,39349.0,0.0,39349.0
108,25,21,20,1,0,100.0,1,41420.0,3106.5,38313.5
109,25,20,20,0,0,100.0,0,41420.0,0.0,41420.0
110,26,21,20,1,0,100.0,1,41420.0,3106.5,38313.5
111,25,16,16,0,4,80.0,0,33136.0,0.0,33136.0
112,25,19,19,0,1,95.0,0,39349.0,0.0,39349.0
113,25,15,15,0,5,75.0,0,31065.0,0.0,31065.0
114,25,16,16,0,4,80.0,0,33136.0,0.0,33136.0
115,25,17,17,0,3,85.0,0,35207.0,0.0,35207.0
116,25,21,20,1,0,100.0,1,41420.0,3106.5,38313.5
117,24,16,16,0,4,80.0,0,33136.0,0.0,33136.0
118,25,17,17,0,3,85.0,0,35207.0,0.0,35207.0
119,25,19,19,0,1,95.0,0,39349.0,0.0,39349.0
120,25,20,20,0,0,100.0,0,41420.0,0.0,41420.0
121,26,20,20,0,0,100.0,0,41420.0,0.0,41420.0
122,25,15,15,0,5,75.0,0,31065.0,0.0,31065.0
123,24,17,17,0,3,85.0,0,35207.0,0.0,35207.0
124,25,17,17,0,3,85.0,0,35207.0,0.0,35207.0
125,25,22,20,2,0,100.0,1,41420.0,6213.0,35207.0
126,24,20,20,0,0,100.0,0,41420.0,0.0,41420.0
127,25,21,20,1,0,100.0,1,41420.0,3106.5,38313.5
128,25,19,19,0,1,95.0,0,39349.0,0.0,39349.0
129,25,16,16,0,4,80.0,0,33136.0,0.0,33136.0
130,25,19,19,0,1,95.0,0,39349.0,0.0,39349.0
131,25,17,17,0,3,85.0,0,35207.0,0.0,35207.0
132,25,15,15,0,5,75.0,0,31065.0,0.0,31065.0
133,25,22,20,2,0,100.0,1,41420.0,6213.0,35207.0
134,26,21,20,1,0,100.0,1,41420.0,3106.5,38313.5
135,25,19,19,0,1,95.0,0,39349.0,0.0,39349.0
136,25,19,19,0,1,95.0,0,39349.0,0.0,39349.0
137,25,19,19,0,1,95.0,0,39349.0,0.0,39349.0
138,24,18,18,0,2,90.0,0,37278.0,0.0,37278.0
139,25,22,20,2,0,100.0,1,41420.0,6213.0,35207.0
140,25,20,20,0,0,100.0,0,41420.0,0.0,41420.0
141,24,18,18,0,2,90.0,0,37278.0,0.0,37278.0
142,25,20,20,0,0,100.0,0,41420.0,0.0,41420.0
143,25,15,15,0,5,75.0,0,31065.0,0.0,31065.0
144,25,20,20,0,0,100.0,0,41420.0,0.0,41420.0
145,25,20,20,0,0,100.0,0,41420.0,0.0,41420.0
146,24,16,16,0,4,80.0,0,33136.0,0.0,33136.0
147,25,18,18,0,2,90.0,0,37278.0,0.0,37278.0
148,25,18,18,0,2,90.0,0,37278.0,0.0,37278.0
149,24,19,19,0,1,95.0,0,39349.0,0.0,39349.0
150,25,18,18,0,2,90.0,0,37278.0,0.0,37278.0
151,26,18,18,0,2,90.0,0,37278.0,0.0,37278.0
152,25,23,20,3,0,100.0,1,41420.0,9319.5,32100.5
153,24,20,20,0,0,100.0,0,41420.0,0.0,41420.0
154,25,20,20,0,0,100.0,0,41420.0,0.0,41420.0
155,25,20,20,0,0,100.0,0,41420.0,0.0,41420.0
156,25,20,20,0,0,100.0,0,41420.0,0.0,41420.0
157,24,20,20,0,0,100.0,0,41420.0,0.0,41420.0
158,25,18,18,0,2,90.0,0,37278.0,0.0,37278.0
159,24,19,19,0,1,95.0,0,39349.0,0.0,39349.0
160,25,15,15,0,5,75.0,0,31065.0,0.0,31065.0
161,24,18,18,0,2,90.0,0,37278.0,0.0,37278.0
162,25,23,20,3,0,100.0,1,41420.0,9319.5,32100.5
163,24,16,16,0,4,80.0,0,33136.0,0.0,33136.0
164,25,17,17,0,3,85.0,0,35207.0,0.0,35207.0
165,25,14,14,0,6,70.0,0,28994.0,0.0,28994.0
166,25,20,20,0,0,100.0,0,41420.0,0.0,41420.0
167,25,18,18,0,2,90.0,0,37278.0,0.0,37278.0
168,24,18,18,0,2,90.0,0,37278.0,0.0,37278.0
169,24,21,20,1,0,100.0,1,41420.0,3106.5,38313.5
170,25,18,18,0,2,90.0,0,37278.0,0.0,37278.0
171,25,16,16,0,4,80.0,0,33136.0,0.0,33136.0
172,24,21,20,1,0,100.0,1,41420.0,3106.5,38313.5
173,25,18,18,0,2,90.0,0,37278.0,0.0,37278.0
174,25,19,19,0,1,95.0,0,39349.0,0.0,39349.0
175,25,18,18,0,2,90.0,0,37278.0,0.0,37278.0
176,24,21,20,1,0,100.0,1,41420.0,3106.5,38313.5
177,24,21,20,1,0,100.0,1,41420.0,3106.5,38313.5
178,25,13,13,0,7,65.0,0,26923.0,0.0,26923.0
179,24,18,18,0,2,90.0,0,37278.0,0.0,37278.0
180,25,20,20,0,0,100.0,0,41420.0,0.0,41420.0
181,25,19,19,0,1,95.0,0,39349.0,0.0,39349.0
182,25,21,20,1,0,100.0,1,41420.0,3106.5,38313.5
183,24,16,16,0,4,80.0,0,33136.0,0.0,33136.0
184,25,19,19,0,1,95.0,0,39349.0,0.0,39349.0
185,25,20,20,0,0,100.0,0,41420.0,0.0,41420.0
186,24,21,20,1,0,100.0,1,41420.0,3106.5,38313.5
187,24,19,19,0,1,95.0,0,39349.0,0.0,39349.0
188,24,19,19,0,1,95.0,0,39349.0,0.0,39349.0
189,25,18,18,0,2,90.0,0,37278.0,0.0,37278.0
190,24,19,19,0,1,95.0,0,39349.0,0.0,39349.0
191,25,19,19,0,1,95.0,0,39349.0,0.0,39349.0
192,25,22,20,2,0,100.0,1,41420.0,6213.0,35207.0
193,25,21,20,1,0,100.0,1,41420.0,3106.5,38313.5
194,26,21,20,1,0,100.0,1,41420.0,3106.5,38313.5
195,24,21,20,1,0,100.0,1,41420.0,3106.5,38313.5
196,25,18,18,0,2,90.0,0,37278.0,0.0,37278.0
197,25,20,20,0,0,100.0,0,41420.0,0.0,41420.0
198,25,18,18,0,2,90.0,0,37278.0,0.0,37278.0
199,25,20,20,0,0,100.0,0,41420.0,0.0,41420.0
200,25,20,20,0,0,100.0,0,41420.0,0.0,41420.0
201,25,18,18,0,2,90.0,0,37278.0,0.0,37278.0
202,24,21,20,1,0,100.0,1,41420.0,3106.5,38313.5
203,25,18,18,0,2,90.0,0,37278.0,0.0,37278.0
204,24,13,13,0,7,65.0,0,26923.0,0.0,26923.0
205,24,16,16,0,4,80.0,0,33136.0,0.0,33136.0
206,25,15,15,0,5,75.0,0,31065.0,0.0,31065.0
207,25,18,18,0,2,90.0,0,37278.0,0.0,37278.0
208,24,17,17,0,3,85.0,0,35207.0,0.0,35207.0
209,26,18,18,0,2,90.0,0,37278.0,0.0,37278.0
210,25,19,19,0,1,95.0,0,39349.0,0.0,39349.0
211,25,24,20,4,0,100.0,1,41420.0,12426.0,28994.0
212,25,19,19,0,1,95.0,0,39349.0,0.0,39349.0
213,24,17,17,0,3,85.0,0,35207.0,0.0,35207.0
214,25,21,20,1,0,100.0,1,41420.0,3106.5,38313.5
215,25,22,20,2,0,100.0,1,41420.0,6213.0,35207.0
216,25,18,18,0,2,90.0,0,37278.0,0.0,37278.0
217,26,18,18,0,2,90.0,0,37278.0,0.0,37278.0
218,24,20,20,0,0,100.0,0,41420.0,0.0,41420.0
219,25,20,20,0,0,100.0,0,41420.0,0.0,41420.0
220,24,16,16,0,4,80.0,0,33136.0,0.0,33136.0
221,25,21,20,1,0,100.0,1,41420.0,3106.5,38313.5
222,25,22,20,2,0,100.0,1,41420.0,6213.0,35207.0
223,25,19,19,0,1,95.0,0,39349.0,0.0,39349.0
224,24,20,20,0,0,100.0,0,41420.0,0.0,41420.0
225,25,22,20,2,0,100.0,1,41420.0,6213.0,35207.0
226,25,20,20,0,0,100.0,0,41420.0,0.0,41420.0
227,25,18,18,0,2,90.0,0,37278.0,0.0,37278.0
228,26,16,16,0,4,80.0,0,33136.0,0.0,33136.0
229,25,18,18,0,2,90.0,0,37278.0,0.0,37278.0
230,25,22,20,2,0,100.0,1,41420.0,6213.0,35207.0
231,26,18,18,0,2,90.0,0,37278.0,0.0,37278.0
232,25,16,16,0,4,80.0,0,33136.0,0.0,33136.0
233,25,20,20,0,0,100.0,0,41420.0,0.0,41420.0
234,24,20,20,0,0,100.0,0,41420.0,0.0,41420.0
235,25,18,18,0,2,90.0,0,37278.0,0.0,37278.0
236,25,21,20,1,0,100.0,1,41420.0,3106.5,38313.5
237,25,21,20,1,0,100.0,1,41420.0,3106.5,38313.5
238,25,19,19,0,1,95.0,0,39349.0,0.0,39349.0
239,25,19,19,0,1,95.0,0,39349.0,0.0,39349.0
240,25,22,20,2,0,100.0,1,41420.0,6213.0,35207.0
241,25,20,20,0,0,100.0,0,41420.0,0.0,41420.0
242,25,21,20,1,0,100.0,1,41420.0,3106.5,38313.5
243,24,19,19,0,1,95.0,0,39349.0,0.0,39349.0
244,25,21,20,1,0,100.0,1,41420.0,3106.5,38313.5
245,25,16,16,0,4,80.0,0,33136.0,0.0,33136.0
246,26,19,19,0,1,95.0,0,39349.0,0.0,39349.0
247,24,18,18,0,2,90.0,0,37278.0,0.0,37278.0
248,25,20,20,0,0,100.0,0,41420.0,0.0,41420.0
249,25,16,16,0,4,80.0,0,33136.0,0.0,33136.0
250,24,20,20,0,0,100.0,0,41420.0,0.0,41420.0
251,25,15,15,0,5,75.0,0,31065.0,0.0,31065.0
252,25,16,16,0,4,80.0,0,33136.0,0.0,33136.0
253,25,20,20,0,0,100.0,0,41420.0,0.0,41420.0
254,25,18,18,0,2,90.0,0,37278.0,0.0,37278.0
255,26,18,18,0,2,90.0,0,37278.0,0.0,37278.0
256,24,19,19,0,1,95.0,0,39349.0,0.0,39349.0
257,25,18,18,0,2,90.0,0,37278.0,0.0,37278.0
258,25,20,20,0,0,100.0,0,41420.0,0.0,41420.0
259,25,19,19,0,1,95.0,0,39349.0,0.0,39349.0
260,24,18,18,0,2,90.0,0,37278.0,0.0,37278.0
261,24,19,19,0,1,95.0,0,39349.0,0.0,39349.0
262,25,21,20,1,0,100.0,1,41420.0,3106.5,38313.5
263,25,18,18,0,2,90.0,0,37278.0,0.0,37278.0
264,25,19,19,0,1,95.0,0,39349.0,0.0,39349.0
265,25,17,17,0,3,85.0,0,35207.0,0.0,35207.0
266,24,19,19,0,1,95.0,0,39349.0,0.0,39349.0
267,24,21,20,1,0,100.0,1,41420.0,3106.5,38313.5
268,25,16,16,0,4,80.0,0,33136.0,0.0,33136.0
269,25,19,19,0,1,95.0,0,39349.0,0.0,39349.0
270,25,21,20,1,0,100.0,1,41420.0,3106.5,38313.5
271,25,20,20,0,0,100.0,0,41420.0,0.0,41420.0
272,24,19,19,0,1,95.0,0,39349.0,0.0,39349.0
273,25,19,19,0,1,95.0,0,39349.0,0.0,39349.0
274,25,20,20,0,0,100.0,0,41420.0,0.0,41420.0
275,25,21,20,1,0,100.0,1,41420.0,3106.5,38313.5
276,25,19,19,0,1,95.0,0,39349.0,0.0,39349.0
277,26,20,20,0,0,100.0,0,41420.0,0.0,41420.0
278,25,21,20,1,0,100.0,1,41420.0,3106.5,38313.5
279,25,23,20,3,0,100.0,1,41420.0,9319.5,32100.5
280,24,16,16,0,4,80.0,0,33136.0,0.0,33136.0
281,25,22,20,2,0,100.0,1,41420.0,6213.0,35207.0
282,24,19,19,0,1,95.0,0,39349.0,0.0,39349.0
283,24,18,18,0,2,90.0,0,37278.0,0.0,37278.0
284,24,17,17,0,3,85.0,0,35207.0,0.0,35207.0
285,25,16,16,0,4,80.0,0,33136.0,0.0,33136.0
286,26,18,18,0,2,90.0,0,37278.0,0.0,37278.0
287,24,20,20,0,0,100.0,0,41420.0,0.0,41420.0
288,24,21,20,1,0,100.0,1,41420.0,3106.5,38313.5
289,24,16,16,0,4,80.0,0,33136.0,0.0,33136.0
290,26,19,19,0,1,95.0,0,39349.0,0.0,39349.0
291,24,20,20,0,0,100.0,0,41420.0,0.0,41420.0
292,25,20,20,0,0,100.0,0,41420.0,0.0,41420.0
293,25,21,20,1,0,100.0,1,41420.0,3106.5,38313.5
294,24,18,18,0,2,90.0,0,37278.0,0.0,37278.0
295,25,20,20,0,0,100.0,0,41420.0,0.0,41420.0
296,25,19,19,0,1,95.0,0,39349.0,0.0,39349.0
297,25,17,17,0,3,85.0,0,35207.0,0.0,35207.0
298,25,19,19,0,1,95.0,0,39349.0,0.0,39349.0
299,25,21,20,1,0,100.0,1,41420.0,3106.5,38313.5
